Claim,Source Name,Source URL,Verdict,Review Publication Date,Image URL,Tags
Bolsonaro pede divórcio após suposto envolvimento de Michelle Bolsonaro com o banqueiro Daniel Vorcaro,BOL - UOL,https://www.bol.uol.com.br/noticias/2026/05/22/falso-divorcio-jair-michelle-bolsonaro-daniel-vorcaro.ghtm,Falso,2026-05-22 07:00:00,https://encrypted-tbn3.gstatic.com/images?q=tbn:ANd9GcTxfrYqOoKRflsjLuw4JUSD2z0-pvSaQrIzH0R9UPfMq-0iVYcj,"['Michelle Bolsonaro', 'Jair Bolsonaro', 'Daniel Vorcaro', 'Divórcio']"
Intercept pediu desculpas e disse não ter provas para reportagem sobre cinebiografia de Jair Bolsonaro,Estadão,https://www.estadao.com.br/estadao-verifica/e-falso-que-intercept-tenha-pedido-desculpas-por-reportagem-sobre-cinebiografia-de-bolsonaro/,Falso,2026-05-21 07:00:00,https://encrypted-tbn0.gstatic.com/images?q=tbn:ANd9GcSCsmiqCeZNNmwXoYs2nzaNcFj0Yx7k2012CjN_EQB2uCER3ijY,"['Jair Bolsonaro', 'The Intercept', 'Reportagem', 'Biográfico']"
Silas Malafaia detona e mostra que já soltou a mão de Flávio Bolsonaro,BOL - UOL,https://www.bol.uol.com.br/noticias/2026/05/21/enganoso-video-silas-malafaia-critica-flavio-bolsonaro-filme.amp.htm,Distorcido,2026-05-21 07:00:00,https://encrypted-tbn1.gstatic.com/images?q=tbn:ANd9GcR-tBIldDAQaV9pl4EA-yQyY5OeJYk2Fwt6X7tXGm4_Ji6DPBK-,"['Flávio Bolsonaro', 'Silas Malafaia', 'Jair Bolsonaro']"
"Tema musical do filme sobre Jair Bolsonaro, está sendo uma das mais tocadas nos Estados Unidos",BOL - UOL,https://www.bol.uol.com.br/noticias/2026/05/20/falso-musica-tema-filme-bolsonaro-mais-tocadas-eua.ghtm,Falso,2026-05-20 07:00:00,https://encrypted-tbn3.gstatic.com/images?q=tbn:ANd9GcSrVKX0TrHUEmFHS98yjQC8lP9VG4VDGJeYnK_Bsuc48oOsu2O0,"['Jair Bolsonaro', 'Música', 'Música-tema', 'Estados Unidos', 'Filme']"
"""AQUI É BOLSONARO!"" Foi com essa frase, aos gritos de uma multidão em Copacabana, que Shakira teria protagonizado um dos momentos mais explosivos da história dos shows no Brasil. Enquanto a plateia ia ao delírio, bastidores ferviam com tentativas de interrupção e revolta de setores da mídia.",Observador,https://observador.pt/factchecks/fact-check-shakira-declara-apoio-a-bolsonaro-em-concerto-em-copacabana/,Errado,2026-05-20 07:00:00,https://encrypted-tbn3.gstatic.com/images?q=tbn:ANd9GcSPoSTekUtgc_77fQoKLZVgRXrfRC2VlIfGvKU-4cRTmZlv5x96,"['Shakira', 'Jair Bolsonaro', 'Copacabana', 'Espetáculo', 'Eduardo Bolsonaro', 'Brasil', 'História', 'Inteligência artificial']"
Nunes Marques tornou Bolsonaro elegível novamente,Aos Fatos,https://www.aosfatos.org/noticias/nunes-marques-bolsonaro-elegivel/,falso,2026-05-19 07:00:00,https://encrypted-tbn2.gstatic.com/images?q=tbn:ANd9GcSFEny-cIwYUbTn8LCeERh4iUUid7vn9hZ9BT1Pn3vjAiquyCym,"['Nunes Marques', 'Jair Bolsonaro']"
The Intercept Brasil pediu desculpas e disse não ter provas que liguem família Bolsonaro ao caso Master,Aos Fatos,https://www.aosfatos.org/noticias/intercept-provas-vorcaro-filme-bolsonaro/,falso,2026-05-18 07:00:00,https://encrypted-tbn0.gstatic.com/images?q=tbn:ANd9GcRO_x9FzloaA8VpugjC5E80NEMKIxKcoX02dbETKdpP75oH4UqV,"['Jair Bolsonaro', 'The Intercept', 'Prova', 'Brasil']"
Vídeo mostra Bolsonaro ‘embolsando’ objeto dourado,Aos Fatos,https://www.aosfatos.org/noticias/bolsonaro-roubando-moeda-ouro/,falso,2026-05-15 07:00:00,https://encrypted-tbn1.gstatic.com/images?q=tbn:ANd9GcTO1H1GJ5yTFS1hC4u7hcCioq-RkS5IuBdLEF8EOXPVT7bytv0p,"['Jair Bolsonaro', 'Vídeo', 'Dourado', 'Objeto']"
Intercept admite não ter provas do pagamento do valor para o filme de Bolsonaro,UOL Notícias,https://noticias.uol.com.br/confere/ultimas-noticias/2026/05/15/falso-intercept-admitiu-nao-provas-flavio-bolsonaro-vorcaro.ghtm,Falso,2026-05-15 07:00:00,https://encrypted-tbn0.gstatic.com/images?q=tbn:ANd9GcQ76Aay9nuhAJ3E9q97-hA_83BujujDUk7PmGVGZ0IlgxG1EMcg,"['Jair Bolsonaro', 'The Intercept', 'Filme']"
Zico critica Bolsonaro em entrevista,AFP Checamos,https://checamos.afp.com/doc.afp.com.B2VD69K,Falso,2026-05-14 07:00:00,https://encrypted-tbn3.gstatic.com/images?q=tbn:ANd9GcTbEJ5tcfd-K2Dp3nqpLEnX2YPFtQPyn8Z4jiP6ny_6JUMp_QHQ,"['Zico', 'Jair Bolsonaro', 'Entrevista']"
"A Anvisa mandou recolher produtos da marca Ypê com base em acusações sem provas e por motivação política, já que diretores da empresa doaram R$ 1 milhão para a campanha de Jair Bolsonaro em 2022.",Estadão,https://www.estadao.com.br/estadao-verifica/videos-enganam-motivacao-politica-inspecao-anvisa-fabrica-ype/,Enganoso,2026-05-12 07:00:00,https://encrypted-tbn1.gstatic.com/images?q=tbn:ANd9GcQgCNawJuViobbkNsokasJI6_1fa8KD3Mv1oa9nzcBL8lum7utz,"['Anvisa', 'Ypê', 'Agência Nacional de Vigilância Sanitária', 'Produto', 'Jair Bolsonaro', 'Empresa', '2022', 'Político', 'Motivação']"
Bolsonaro deixa hospital com gritos de 'Força Bolsonaro' e 'mito',AFP Checamos,https://checamos.afp.com/doc.afp.com.B2HX2NQ,Enganoso,2026-05-11 07:00:00,https://encrypted-tbn3.gstatic.com/images?q=tbn:ANd9GcTXjl1Mu-639hor2XbFrV5AIEr-RnZUhYoJlEfPI1NrSBu2u3-D,"['Jair Bolsonaro', 'Hospital']"
Lula foge do palácio aos gritos de volta Bolsonaro,BOL - UOL,https://www.bol.uol.com.br/noticias/2026/05/07/lula-nao-saiu-do-palco-apos-gritos-pro-bolsonaro-audio-e-manipulado.ghtm,Falso,2026-05-07 07:00:00,https://encrypted-tbn1.gstatic.com/images?q=tbn:ANd9GcTUUF9UTqOnOq_K8oEK6fOM-dtl16pAXca55jkOu3AJni4IMSyf,"['Luiz Inácio Lula da Silva', 'Jair Bolsonaro']"
Shakira delcarou apoio a Flávio e a Jair Bolsonaro durante show em Copacabana,AFP Checamos,https://checamos.afp.com/doc.afp.com.B22G4WE,Falso,,https://encrypted-tbn1.gstatic.com/images?q=tbn:ANd9GcSxqQiuqnNWEFs9PZHc-H-trjN_HPWwT6nofYZ9F6ccCOCYBrE_,"['Shakira', 'Jair Bolsonaro', 'Flávio Bolsonaro', 'Espetáculo', 'Copacabana']"
Jair Renan filho de Bolsonaro é alvo de operação policial em 2026,AFP Checamos,https://checamos.afp.com/doc.afp.com.A9ZT363,Enganoso,2026-05-06 07:00:00,https://encrypted-tbn2.gstatic.com/images?q=tbn:ANd9GcQqK530FmiITbKQu_yj6HsGFyzmjK_cbh-azDGKyzfhptCGEd0R,"['Jair Renan Bolsonaro', 'Jair Bolsonaro', '2026', 'Polícia']"
"Shakira declarou apoio a Bolsonaro durante show em Copacabana, no Rio",UOL Notícias,https://noticias.uol.com.br/confere/ultimas-noticias/2026/05/05/shakira-nao-deu-declaracao-de-apoio-a-bolsonaro-video-e-ia.ghtm,Falso,2026-05-05 07:00:00,https://encrypted-tbn0.gstatic.com/images?q=tbn:ANd9GcTidDxHHXqMpqFLQJmRIqrqNnrt-U6_PRuRDlezwEjGdIFYbgfm,"['Jair Bolsonaro', 'Shakira', 'Rio de Janeiro', 'Copacabana']"
Shakira declarou apoio a Jair Bolsonaro durante show em Copacabana,Aos Fatos,https://www.aosfatos.org/noticias/shakira-lula-bolsonaro-show-brasil/,falso,2026-05-04 07:00:00,https://encrypted-tbn0.gstatic.com/images?q=tbn:ANd9GcS4WqwPPD1Q5Ioa2y6ehyV3nk9vnuJVjFfRTPfYnb7LQhKBzK-f,"['Jair Bolsonaro', 'Shakira', 'Espetáculo', 'Copacabana']"
Polícia Federal confirma: Bolsonaro nunca usou cartão corporativo da Presidência,UOL Notícias,https://noticias.uol.com.br/confere/ultimas-noticias/2026/05/03/pf-nao-disse-que-bolsonaro-nao-usou-cartao-corporativo-durante-mandato.ghtm,Falso,2026-05-03 07:00:00,https://encrypted-tbn0.gstatic.com/images?q=tbn:ANd9GcQSzQkWh3Wqq4z409RkmRG15dp-LWYXJdzq06BbD7Ze5h8rArvy,"['Jair Bolsonaro', 'Polícia Federal', 'Departamento de Polícia Federal', 'Cartão de visita', 'Polícia', 'Presidente do Brasil']"
Vorcaro revelou participação de Lulinha e Moraes em atentado a faca contra Bolsonaro,Estadão,https://www.estadao.com.br/estadao-verifica/falso-daniel-vorcaro-revelacoes-sobre-adelio-bispo/,Falso,2026-04-30 07:00:00,https://encrypted-tbn2.gstatic.com/images?q=tbn:ANd9GcQU8dPBdaZyDdH2FqeqShXaQ7e0aA4EG6H9N9E5ooN0I2_aGr6O,"['Daniel Vorcaro', 'Jair Bolsonaro', 'Fábio Luís Lula da Silva', 'Alexandre de Moraes', 'Faca']"
Daniel Vorcaro delatou à Polícia Federal participação de Lulinha e de Moraes em atentado a Bolsonaro,AFP Checamos,https://checamos.afp.com/doc.afp.com.A9HU89E,Falso,2026-04-30 07:00:00,https://encrypted-tbn1.gstatic.com/images?q=tbn:ANd9GcSeOq3yZEWkg-Ld2RIK6Ujl-vRvwfzBPN1kWFIF0LNN9BIrZ4mb,"['Daniel Vorcaro', 'Fábio Luís Lula da Silva', 'Alexandre de Moraes', 'Jair Bolsonaro', 'Departamento de Polícia Federal', 'Polícia Federal', 'Polícia']"
Silas Malafaia ‘detona’ Flávio Bolsonaro e cinebiografia de ex-presidente em vídeo,Aos Fatos,https://www.aosfatos.org/noticias/malafaia-flavio-bolsonaro-dark-horse/,falso,2026-05-22 15:56:00,https://encrypted-tbn2.gstatic.com/images?q=tbn:ANd9GcSJJfkIa-1nGs57e_cIsLx3cuyhlNSG8CaP4prow95FdYLqa5rf,"['Flávio Bolsonaro', 'Silas Malafaia', 'Vídeo', 'Presidente', 'Biográfico']"
Flávio Bolsonaro vai acabar com o Bolsa Família e retornar com o Auxílio Brasil de R$ 1.200,Aos Fatos,https://www.aosfatos.org/noticias/flavio-bolsonaro-bolsa-familia/,falso,2026-05-22 16:30:00,https://encrypted-tbn0.gstatic.com/images?q=tbn:ANd9GcQNF9zuOsQQqmY-UFtBq7_xm7UBziHZzFzNKl3WI0rGdP3k-G5_,"['Flávio Bolsonaro', 'Bolsa Família', 'Auxílio Brasil']"
Daniel Vorcaro entregou em delação quem foi responsável pelo atentado contra Bolsonaro em 2018,Aos Fatos,https://www.aosfatos.org/noticias/vorcaro-delatou-mandante-atentado-bolsonaro/,falso,2026-04-28 07:00:00,,"['Daniel Vorcaro', 'Jair Bolsonaro', 'Atentado contra Jair Bolsonaro', 'Delação premiada', '2018']"
PF conclui que troca de mensagens entre Flávio Bolsonaro e Vorcaro não apresenta indícios de crime,AFP Checamos,https://checamos.afp.com/doc.afp.com.B3LY39F,Falso,2026-05-21 15:25:08,https://encrypted-tbn0.gstatic.com/images?q=tbn:ANd9GcQlO6RoW2z32_Dk635rLLieEyAFIK63g-rn264rf9cUi1BPcAky,"['Flávio Bolsonaro', 'Daniel Vorcaro', 'Departamento de Polícia Federal', 'Polícia Federal', 'Crime', 'Mensagem']"
Juíza corajosa desafia Moraes e manda libertar Jair Bolsonaro,BOL - UOL,https://www.bol.uol.com.br/noticias/2026/04/27/falso-juiza-mandou-libertar-jair-bolsonaro.ghtm,Falso,2026-04-27 07:00:00,https://encrypted-tbn0.gstatic.com/images?q=tbn:ANd9GcQ-1s8s6yQELqFg9cef7qeRjaFrZzu-BRxobaI8a6U-YBWcHoO9,"['Jair Bolsonaro', 'Alexandre de Moraes', 'Juiz']"
Vídeos de personalidades públicas brasileiras criticando Bolsonaro,AFP Checamos,https://checamos.afp.com/doc.afp.com.A96M7KE,Falso,2026-04-27 07:00:00,https://encrypted-tbn3.gstatic.com/images?q=tbn:ANd9GcSAY8y-Xo-zXChmmRHqvi7wrjwnA-tctGlY27bwbsNGskQ9r8xG,"['Jair Bolsonaro', 'Vídeo', 'Personalidade', 'Brasil']"
Polícia Federal concluí que troca de mensagens entre Flávio Bolsonaro e Daniel Vorcaro não apresenta indícios de crime,UOL Notícias,https://noticias.uol.com.br/confere/ultimas-noticias/2026/05/19/falso-pf-conclusao-audio-crime-flavio-bolsonaro-daniel-vorcaro.ghtm,Falso,2026-05-19 23:17:46,https://encrypted-tbn2.gstatic.com/images?q=tbn:ANd9GcRK-FETjK-fbYUGQBh4yofNLoccZbd8FCJEOLUZEOKrSuUMVx-3,"['Flávio Bolsonaro', 'Daniel Vorcaro', 'Polícia Federal', 'Departamento de Polícia Federal', 'Crime', 'Polícia', 'Mensagem']"
The Intercept Brasil pediu desculpas por falta de provas em matéria sobre Flávio Bolsonaro e Daniel Vorcaro,AFP Checamos,https://checamos.afp.com/doc.afp.com.B3DX663,Falso,2026-05-19 21:44:38,https://encrypted-tbn0.gstatic.com/images?q=tbn:ANd9GcRb0cPXWwu0nJA3TaUzyU-RTZewOTf1R3rM_WcCKjjMZfiaPj2f,"['Flávio Bolsonaro', 'Daniel Vorcaro', 'The Intercept', 'Brasil', 'Matéria']"
"Intercept publicou R$ 134 milhões, Metrópoles R$ 61 milhões e Globo 2 milhões",AFP Checamos,https://checamos.afp.com/doc.afp.com.B3DQ6ZQ,Enganoso,2026-05-19 20:44:29,https://encrypted-tbn0.gstatic.com/images?q=tbn:ANd9GcSUq9CCeCf6Oy2oGBSzJEdg2Ed1u4p0Lm7J7yCKT_RUiy23Ii3C,"['The Intercept', 'Metrópoles', 'O Globo']"
PF concluiu que troca de mensagens entre Flávio e Vorcaro não configura crime,Aos Fatos,https://www.aosfatos.org/noticias/pf-crime-mensagens-flavio-vorcaro/,falso,2026-05-18 21:23:43,https://encrypted-tbn2.gstatic.com/images?q=tbn:ANd9GcSIDSt_dttVBuThG5yN2urz-NN9QpXmudTiwrQ12icXvu8HijzM,"['Flávio Bolsonaro', 'Daniel Vorcaro', 'Polícia Federal', 'Departamento de Polícia Federal', 'Crime', 'Mensagem']"
Juíza desafia Moraes e ordena soltura de Jair Bolsonaro,Aos Fatos,https://www.aosfatos.org/noticias/juiza-mandou-soltar-bolsonaro/,falso,2026-04-24 07:00:00,https://encrypted-tbn0.gstatic.com/images?q=tbn:ANd9GcQA_0sF4z0-_vG7yqIsC-7XKq-iFGP9IsD4EpZCIZEitzUWJhWe,"['Jair Bolsonaro', 'Juiz', 'Alexandre de Moraes']"
"""Após ?perseguição? da Anvisa, Flávio tira fotos com produtos Ypê e vendas disparam nos supermercados""",UOL Notícias,https://noticias.uol.com.br/confere/ultimas-noticias/2026/05/17/falso-imagem-flavio-bolsonaro-balde-detergente-ype.ghtm,Falso,2026-05-17 20:06:18,https://encrypted-tbn1.gstatic.com/images?q=tbn:ANd9GcQcPGeU3axM5d5pltR99H4cqLE39NfRX2CKe9aQX06-eySJeoaZ,"['Flávio Bolsonaro', 'Ypê', 'Anvisa', 'Agência Nacional de Vigilância Sanitária', 'Supermercado', 'Produto', 'Fotografia', 'Vendas']"
Ulysses Guimarães critica Bolsonaro em 1988,AFP Checamos,https://checamos.afp.com/doc.afp.com.A8FJ8T4,Falso,2026-04-20 07:00:00,https://encrypted-tbn3.gstatic.com/images?q=tbn:ANd9GcSPbEs6ZqfacfbO2nrraxUSIcjSQbFbZR6HbTkaokpRrYsj3U5G,"['Ulysses Guimarães', 'Jair Bolsonaro', '1988']"
Bolsonaro não usou cartões corporativos enquanto era presidente,Aos Fatos,https://www.aosfatos.org/noticias/bolsonaro-cartao-corporativo/,falso,2026-04-17 07:00:00,https://encrypted-tbn0.gstatic.com/images?q=tbn:ANd9GcQTa-KE85INpunnEVHExqd9-c0jwuBqUiatcrfYmqqFXw_bH1En,"['Jair Bolsonaro', 'Cartão de visita', 'Presidente']"
Em 1988 Raul Seixas se assusta com Bolsonaro,AFP Checamos,https://checamos.afp.com/doc.afp.com.A8472T3,Falso,2026-04-16 07:00:00,https://encrypted-tbn2.gstatic.com/images?q=tbn:ANd9GcRgIrOn-W5jCww5tiap6V7P-Bez2PWDo02vlWxItxnKAq6tOhov,"['Raul Seixas', 'Jair Bolsonaro', '1988']"
Alexandre Frota confessou ter namorado Jair Bolsonaro por dois anos,Estadão,https://www.estadao.com.br/estadao-verifica/alexandre-frota-namorou-bolsonaro-enganoso/,Enganoso,2026-04-15 07:00:00,https://encrypted-tbn2.gstatic.com/images?q=tbn:ANd9GcRZWw3jQ77RPQlxURZOScET_HWOGpxtQstQxWwcMlnv5FWdkYLX,"['Alexandre Frota', 'Jair Bolsonaro', 'Namoro']"
Paulo Guedes disse que Bolsonaro dependia dos filhos para aprovar tudo na Presidência,Aos Fatos,https://www.aosfatos.org/noticias/guedes-bolsonaro-nao-mandava-em-nada/,falso,2026-04-15 07:00:00,https://encrypted-tbn2.gstatic.com/images?q=tbn:ANd9GcQ3ufVd2yGWfl2Yi14j5r-kuiUbMplr7pDOsv8AHO4fQqqU-kVF,"['Paulo Guedes', 'Jair Bolsonaro', 'Presidente do Brasil', 'Filho']"
Alexandre Frota confessa que foi namorado de Bolsonaro por dois anos o artista pornográfico era namorado de Bolsonaro,UOL Notícias,https://noticias.uol.com.br/confere/ultimas-noticias/2026/04/15/falso-alexandre-frota-namorou-jair-bolsonaro.ghtm,Falso,2026-04-15 07:00:00,https://encrypted-tbn1.gstatic.com/images?q=tbn:ANd9GcSNIoBGRaGK7MThF5k1fQHStPjO9Vi77X6JFbPZy4UlLnWdb_4y,"['Alexandre Frota', 'Jair Bolsonaro', 'Namoro', 'Artista', 'Pornográfico']"
"Paulo Guedes diz que Bolsonaro não mandava na presidência e dependia dos filhos Eduardo e Flávio para aprovar tudo. Guedes diz que “cansava de reclamar que os filhos queriam colocar o dinheiro dos negócios junto com o Queiroz no orçamento secreto, sendo que o presidente Bolsonaro não sabia de nada”.",Estadão,https://www.estadao.com.br/estadao-verifica/video-paulo-guedes-filhos-bolsonaro-mandavam-presidencia-ia-falso/,Falso,2026-04-14 07:00:00,https://encrypted-tbn2.gstatic.com/images?q=tbn:ANd9GcTsMbeP_lcBBjzgp7kgFurAPwZarSUpnc7HNNijYP3KAT-9XM8K,"['Jair Bolsonaro', 'Paulo Guedes', 'Flávio Bolsonaro', 'Orçamento secreto', 'Presidente do Brasil', 'Presidente', 'Eduardo Bolsonaro', 'Negócios']"
Band foi pressionada a demitir comentarista após ele criticar o conluio entre o STF e a PGR contra Bolsonaro,Estadão,https://www.estadao.com.br/estadao-verifica/band-demite-comentarista-stf-bolsonaro-falso/,Falso,2026-04-13 07:00:00,https://encrypted-tbn2.gstatic.com/images?q=tbn:ANd9GcQwYGhF4YD3X2SWam8l1vcGMPu2xtPElyP-DkNe_QGabhbmAzhx,"['Band', 'Procurador-Geral da República', 'Supremo Tribunal Federal', 'Jair Bolsonaro', 'Comentarista', 'Demissão', 'Conluio']"
A Polícia Federal pede a prisão do Alexandre de Moraes por fraudar Documentos falsos contra o Jair messias Bolsonaro.,UOL Notícias,https://noticias.uol.com.br/confere/ultimas-noticias/2026/04/10/falso-pf-pedido-prisao-alexandre-de-moraes.ghtm,Falso,2026-04-10 07:00:00,https://encrypted-tbn2.gstatic.com/images?q=tbn:ANd9GcQXrwuSxYdoy9yhUzVpBCD0ZWHawQ09LXTFTh_lI2rtd8Af265z,"['Alexandre de Moraes', 'Jair Bolsonaro', 'Departamento de Polícia Federal', 'Polícia Federal', 'Fraude', 'Prisão', 'Documento', 'Polícia']"
Gonzaguinha critica Bolsonaro em 1990,AFP Checamos,https://checamos.afp.com/doc.afp.com.A7F44KE,Falso,2026-04-10 07:00:00,https://encrypted-tbn0.gstatic.com/images?q=tbn:ANd9GcSKsGnqwO7gR22Tsdns5vsbQ6AkqxZhOwiblDW4XR17rFKtT-7R,"['Jair Bolsonaro', 'Gonzaguinha']"
Shakira 'fez o L' durante show em Copacabana,Aos Fatos,https://www.aosfatos.org/noticias/shakira-lula-bolsonaro-show-brasil/,falso,2026-05-04 07:00:00,https://encrypted-tbn0.gstatic.com/images?q=tbn:ANd9GcS4WqwPPD1Q5Ioa2y6ehyV3nk9vnuJVjFfRTPfYnb7LQhKBzK-f,"['Shakira', 'Espetáculo', 'Copacabana']"
Ludmilla denuncia Jair Bolsonaro por caso de racismo,AFP Checamos,https://checamos.afp.com/doc.afp.com.A7BB8WE,Falso,2026-04-09 07:00:00,https://encrypted-tbn1.gstatic.com/images?q=tbn:ANd9GcQ36pWM1X5_RILCDol98rHmJ50xCgvjfN6EvskCMHC_8HZAcaWn,"['Ludmilla', 'Jair Bolsonaro', 'Racismo', 'Denúncia']"
Em 1988 Renato Russo já dava alerta sobre Bolsonaro,BOL - UOL,https://www.bol.uol.com.br/noticias/2026/04/07/falso-videos-renato-russo-cazuza-gonzaguinha-critica-jair-bolsonaro.ghtm,Falso,2026-04-07 07:00:00,https://encrypted-tbn0.gstatic.com/images?q=tbn:ANd9GcT_HeInrJpJ3olEwPrVyOT8YMWZVCZ7cYy8RJrfOsL9XKRpbwF6,"['Renato Russo', 'Jair Bolsonaro']"
"PF pediu prisão de Moraes, que fraudou documentos contra Jair Bolsonaro",Aos Fatos,https://www.aosfatos.org/noticias/e-falso-que-pf-pediu-prisao-de-moraes-por-fraude-documental-contra-bolsonaro/,falso,2026-04-06 07:00:00,https://encrypted-tbn2.gstatic.com/images?q=tbn:ANd9GcQ7esHfltavBnUzdxY8FL3IqGYfURDVRXkGFcdWTBlg5nQfdjDl,"['Alexandre de Moraes', 'Jair Bolsonaro', 'Polícia Federal', 'Departamento de Polícia Federal', 'Prisão', 'Documento']"
Personalides como Renato Russo alertaram no passado sobre perigo que Bolsonaro representava,Estadão,https://www.estadao.com.br/estadao-verifica/videos-usam-ia-para-criar-alertas-de-gonzaguinha-renato-russo-e-cazuza-sobre-bolsonaro/,Falso,2026-04-06 07:00:00,https://encrypted-tbn2.gstatic.com/images?q=tbn:ANd9GcS7QaaJXADscfTFv4dwIqlWv57sDRjiHazuVSvwai8Wn1AtCXu4,"['Jair Bolsonaro', 'Renato Russo']"
"Se Flávio Bolsonaro vencer, eu vou embora para Cuba, diz Lula",UOL Notícias,https://noticias.uol.com.br/confere/ultimas-noticias/2026/04/27/falso-lula-mudanca-cuba-perder-eleicao-flavio-bolsonaro.ghtm,Falso,2026-04-27 07:00:00,https://encrypted-tbn3.gstatic.com/images?q=tbn:ANd9GcSfsMIvPSMXj6LukOorIFN9-t0GIuT-uB4jmjV4Kc_tpcsn5XCy,"['Flávio Bolsonaro', 'Luiz Inácio Lula da Silva', 'Cuba']"
Vídeo mostra Bolsonaro e Michelle comemorando prisão domiciliar em 2026,AFP Checamos,https://checamos.afp.com/doc.afp.com.A6LU69F,Falso,2026-04-02 07:00:00,https://encrypted-tbn0.gstatic.com/images?q=tbn:ANd9GcQjEfzoc1L4LGAQ8IHmlEuRn-mIPcW4Hs0SoeVFyW55FfCXwLyT,"['Jair Bolsonaro', 'Michelle Bolsonaro', 'Prisão domiciliar', 'Prisão', '2026', 'Vídeo']"
Alexandre de Moraes determinou que Jair Bolsonaro deixe a prisão domiciliar para onde foi levado após alta hospitalar e volte para o Complexo da Papudinha,Aos Fatos,https://www.aosfatos.org/rascunho/noticias/video-de-lindbergh-sobre-ida-de-bolsonaro-a-papudinha-e-antigo/?utm_source=site&utm_campaign=leiamais&utm_medium=leiamais,falso,2026-04-02 07:00:00,https://encrypted-tbn0.gstatic.com/images?q=tbn:ANd9GcRutUbS48h70VKwKYRzqiKwnE7e0J2SnbmsWdPMrTL21PvqNUIK,"['Jair Bolsonaro', 'Alexandre de Moraes', 'Prisão domiciliar', 'Prisão', 'Complexo do Alemão', 'Hospital']"
Trump disse que vai prender Lula e libertar Jair Bolsonaro,Aos Fatos,https://www.aosfatos.org/noticias/video-dublagem-falsa-trump-lula/,falso,2026-03-31 07:00:00,https://encrypted-tbn0.gstatic.com/images?q=tbn:ANd9GcRbAn2EuAevLKij23limHeK8Q7LTgyrXv_EEN7FDmtddTdNrZoo,"['Donald Trump', 'Luiz Inácio Lula da Silva', 'Jair Bolsonaro']"
Jair Bolsonaro sai do hospital em pé acenando para apoiadores,Estadão,https://www.estadao.com.br/estadao-verifica/bolsonaro-acena-alta-hospital-enganoso-2025/,Enganoso,2026-03-30 07:00:00,https://encrypted-tbn3.gstatic.com/images?q=tbn:ANd9GcSu9T8wwHb26hWtCD6GUlUE6CqFcBrgvQ-N1czjZkRZ4UrCZ3xQ,"['Jair Bolsonaro', 'Hospital']"
A situação clínica do ex-presidente acaba de se agravar e informações de bastidores sugerem uma tentativa de eliminação física por agentes patogénicos colocados na sua cela,Observador,https://observador.pt/factchecks/fact-check-jair-bolsonaro-foi-envenenado-com-chumbo-dentro-da-prisao/,Errado,,https://encrypted-tbn3.gstatic.com/images?q=tbn:ANd9GcSPoSTekUtgc_77fQoKLZVgRXrfRC2VlIfGvKU-4cRTmZlv5x96,"['Presidente', 'Física', 'Agente patogénico', 'Informação']"
"Jair Bolsonaro (PL) mente sobre seu estado de saúde, pois deixou hospital caminhando e acenando",Aos Fatos,https://www.aosfatos.org/noticias/video-em-que-bolsonaro-sai-de-hospital-andando-e-de-2025/,falso,2026-03-26 07:00:00,https://encrypted-tbn2.gstatic.com/images?q=tbn:ANd9GcTAoAbAB-ecxDjnrx-tSZfKgELBuf6ulJ2vEsDPxWL_oEnStXvU,"['Jair Bolsonaro', 'Hospital', 'Partido Liberal', 'Saúde', 'Mente']"
"Esposa do médico de Jair Bolsonaro publicou foto em que ex-presidente aparece em pé e sorridente no quarto do hospital DF Star, em Brasília, após receber alta da UTI",Aos Fatos,https://www.aosfatos.org/noticias/foto-que-mostra-bolsonaro-em-pe-e-sorridente-no-hospital-nao-e-atual/,falso,2026-03-25 07:00:00,https://encrypted-tbn1.gstatic.com/images?q=tbn:ANd9GcSDtnO8kKLz-n7h0LHEn7jNZIJZZ4M33Qt2rSzut_QGTzDS6eZh,"['Jair Bolsonaro', 'Hospital', 'Presidente', 'Fotografia', 'Medicina', 'Unidade de terapia intensiva', 'Brasília', 'Quarto']"
Vídeo mostra Bolsonaro deixando UTI do hospital,Estadão,https://www.estadao.com.br/estadao-verifica/video-em-que-bolsonaro-circula-em-corredor-de-hospital-foi-feito-apos-cirurgia-em-2025-nao-agora/,Enganoso,2026-03-25 07:00:00,https://encrypted-tbn2.gstatic.com/images?q=tbn:ANd9GcTmHjTzqNzmomPAXxeJaBT8IRBt17RaJKPSUManrgBuJOMDgAIA,"['Jair Bolsonaro', 'Hospital', 'Unidade de terapia intensiva', 'Vídeo']"
"Governo de Jair Bolsonaro conseguiu segurar o preço da gasolina e entregá-la a R$ 4,88 em meio a guerra da Ucrânia, quando o valor do barril do petróleo chegou a custar US$ 141,00.",Estadão,https://www.estadao.com.br/estadao-verifica/preco-gasolina-brasil-inicio-guerra-ucrania-bolsonaro/,Enganoso,2026-03-25 07:00:00,https://encrypted-tbn1.gstatic.com/images?q=tbn:ANd9GcRdVbxWUMbpO9OZ91s6ogtJD38KVkZ4tDHNz1MyVdyiAk_Leew0,"['Jair Bolsonaro', 'Gasolina', 'Estados Unidos', 'Ucrânia', 'Guerra', 'Petróleo', 'Barril']"
"Cena mostra Jair Bolsonaro caminhando após receber alta da UTI e ser transferido para um quarto no hospital DF Star, em Brasília",Aos Fatos,https://www.aosfatos.org/noticias/video-bolsonaro-caminhando-hospital-2025-nao-atual/,não_é_bem_assim,2026-03-24 07:00:00,https://encrypted-tbn2.gstatic.com/images?q=tbn:ANd9GcQ2F7S0IDMEbFYqV_c4jATfvCuHp1HohpaLj_DndN9qVtjERKJx,"['Jair Bolsonaro', 'Hospital', 'Unidade de terapia intensiva', 'Quarto', 'Brasília']"
BOLSONARO APARECE NA UTI EM VÍDEO DIVULGADO POR CARLOS BOLSONARO.,UOL Notícias,https://noticias.uol.com.br/confere/ultimas-noticias/2026/03/24/falso-video-bolsonaro-internado-uti-pneumonia.ghtm,Distorcido,2026-03-24 07:00:00,https://encrypted-tbn1.gstatic.com/images?q=tbn:ANd9GcSfJ4Cx5OFjwvqWCviiZ66ti46SH_7mSruQu3Dn4ZJdWHKqc3fb,"['Jair Bolsonaro', 'Carlos Bolsonaro', 'Vídeo', 'Unidade de terapia intensiva']"
Flavio quer revogar isenção do Importo de Renda (IR),Estadão,https://www.estadao.com.br/estadao-verifica/flavio-bolsonaro-nao-revogar-isencao-imposto-renda-aumento-tributo/,Falso,2026-04-17 07:00:00,https://encrypted-tbn3.gstatic.com/images?q=tbn:ANd9GcSNiT8jXJfRGuJOH9vd8drBmOwoNCvABpqJRDEvenkec_WZynw_,"['Flávio Bolsonaro', 'Isenção fiscal', 'Imposto de renda', 'Renda']"
Flávio Bolsonaro disse que irá privatizar o SUS no dia em que tomar posse como presidente da República,Estadão,https://www.estadao.com.br/estadao-verifica/flavio-bolsonaro-privatizar-sus-falso/,Falso,2026-04-14 07:00:00,https://encrypted-tbn0.gstatic.com/images?q=tbn:ANd9GcSgG9SdQNyINMUQkcXSE932V6KrFPre7sRHTVIjNLcZuuw87hTq,"['Flávio Bolsonaro', 'Privatização', 'Sistema Único de Saúde', 'Presidente', 'Presidente do Brasil']"
Bolsonaro foi envenenado na prisão,UOL Notícias,https://noticias.uol.com.br/confere/ultimas-noticias/2026/03/20/falso-bolsonaro-internado-envenenamento-chumbo-prisao.ghtm,Falso,2026-03-20 07:00:00,https://encrypted-tbn2.gstatic.com/images?q=tbn:ANd9GcRR3RckMyhqJfwbGPbw_syXSu-CTXTgeDpOXbWAuljlYfFH7QSp,"['Jair Bolsonaro', 'Envenenamento', 'Prisão']"
Áudio vazado de Alexandre de Moraes dando ordem a delegado da PF para não permitir que Bolsonaro receba acompanhamento médico,Estadão,https://www.estadao.com.br/estadao-verifica/audio-ia-alexandre-de-moraes-bolsonaro-visitas/,Falso,2026-03-20 07:00:00,https://encrypted-tbn0.gstatic.com/images?q=tbn:ANd9GcQucJ0F53Jb2DS4z8Csog-oa8lgfUGJldGtKXyk9s7o1dqzfkca,"['Jair Bolsonaro', 'Alexandre de Moraes', 'Departamento de Polícia Federal', 'Polícia Federal', 'Delegado de polícia']"
Jair Bolsonaro está internado porque foi envenenado por algo em sua cela na Papudinha,Estadão,https://www.estadao.com.br/estadao-verifica/bolsonaro-internado-envenenado-falso/,Falso,2026-03-18 07:00:00,https://encrypted-tbn0.gstatic.com/images?q=tbn:ANd9GcQAQjh28L7PNctknYW28X5FXQCRpYWDzO-6yMI1DDpj8e7tMeYe,"['Jair Bolsonaro', 'Envenenamento', 'Hospitalização']"
Vídeo mostra o estado de Bolsonaro internado em 2026,AFP Checamos,https://checamos.afp.com/doc.afp.com.A3NK8WF,Enganoso,2026-03-17 07:00:00,https://encrypted-tbn3.gstatic.com/images?q=tbn:ANd9GcTMTDzWmSafhetK85wL9VYQi_NJUiXLPKOcDujXYrLTM_ZCalVB,"['Jair Bolsonaro', 'Hospitalização', 'Vídeo', '2026']"
Vídeo mostra Jair Bolsonaro internado atualmente na UTI de um hospital,Estadão,https://www.estadao.com.br/estadao-verifica/video-mostra-bolsonaro-uti-michelle-2023/,Enganoso,2026-03-16 07:00:00,https://encrypted-tbn2.gstatic.com/images?q=tbn:ANd9GcTWBLqU028KV6bQC0blVIQpIwd2soU7uJ-PZoLIIYpoAzYK1eVI,"['Jair Bolsonaro', 'Hospitalização', 'Hospital', 'Vídeo', 'Unidade de terapia intensiva']"
Flávio vai acabar com o Pix,Estadão,https://www.estadao.com.br/estadao-verifica/flavio-bolsonaro-acabar-com-pix-falso/,Falso,2026-04-06 07:00:00,https://encrypted-tbn1.gstatic.com/images?q=tbn:ANd9GcS9uidY3YI-pzbLLYqFSiyAJnjtxgenpApynaxvwLiaiikpt0BA,"['Flávio Bolsonaro', 'PIX']"
Fux ordena liberdade ao Bolsonaro,AFP Checamos,https://checamos.afp.com/doc.afp.com.A2V88ZQ,Falso,2026-03-11 07:00:00,https://encrypted-tbn1.gstatic.com/images?q=tbn:ANd9GcRSNh9mNI3MJcIuizdiy93WslUjlb-NFiiOMzfcpO0AHQ8u_3ol,"['Jair Bolsonaro', 'Luiz Fux']"
PF descobre que Moraes recebeu R$ 30 milhões por mês para prender Bolsonaro,Aos Fatos,https://www.aosfatos.org/noticias/nao-e-verdade-que-moraes-recebeu-propina-para-prender-bolsonaro/,falso,2026-03-10 07:00:00,https://encrypted-tbn0.gstatic.com/images?q=tbn:ANd9GcRYxceSsWQ1xJGNSPEh1_gMoJckhjKEBugUg-BHRZjXRmEWzNIk,"['Alexandre de Moraes', 'Jair Bolsonaro', 'Polícia Federal', 'Departamento de Polícia Federal', 'Mês']"
PF descobriu que Alexandre de Moraes recebeu dinheiro para condenar Jair Bolsonaro,Estadão,https://www.estadao.com.br/estadao-verifica/e-falso-que-pf-tenha-afirmado-que-moraes-prendeu-bolsonaro-por-dinheiro/,Falso,2026-03-10 07:00:00,https://encrypted-tbn0.gstatic.com/images?q=tbn:ANd9GcQc0Q2GyMcn2HRIH_zb4fFTdmI3PYBEOcSOBqGwUkPQvYY5ypLY,"['Alexandre de Moraes', 'Jair Bolsonaro', 'Polícia Federal', 'Departamento de Polícia Federal', 'Dinheiro', 'Condenação']"
Polícia Federal descobre que Moraes prendeu Bolsonaro por dinheiro,BOL - UOL,https://www.bol.uol.com.br/noticias/2026/03/09/e-falso-que-pf-descobriu-que-moraes-prendeu-bolsonaro-por-dinheiro.htm,Falso,2026-03-09 07:00:00,https://encrypted-tbn0.gstatic.com/images?q=tbn:ANd9GcTwqyQdIaYQSRCUCMIs6f7N5rfw9HHsSO8mbBrRAb2oH2lEayNR,"['Alexandre de Moraes', 'Jair Bolsonaro', 'Departamento de Polícia Federal', 'Polícia Federal', 'Polícia', 'Dinheiro']"
Não tava morrendo não era para ter ido numa maca não? E numa Ambulância do samu com todo Equipamento de urgência.,UOL Notícias,https://noticias.uol.com.br/confere/ultimas-noticias/2026/04/02/enganoso-video-jair-bolsonaro-alta-hospital.ghtm,Distorcido,2026-04-02 07:00:00,https://encrypted-tbn0.gstatic.com/images?q=tbn:ANd9GcRbrcITYLYjGsVyP2pGxn_oKuWIjheeRrW6TqbkB9kXG3D1zBr4,"['Serviço de Atendimento Móvel de Urgência', 'Ambulância', 'Maçã']"
Magno Malta criticou Flávio Bolsonaro e Jair Bolsonaro por 'rachadinha' e disse esperar que Flávio saísse preso de CPMI,Estadão,https://www.estadao.com.br/estadao-verifica/magno-malta-flavio-bolsonaro-jair-bolsonaro-rachadinha/,Enganoso,2026-03-04 08:00:00,https://encrypted-tbn3.gstatic.com/images?q=tbn:ANd9GcRDZLWZgSjpWGr5EcnPPoMsEZRndlQsfQIjUYj_5C0QjBGk7era,"['Flávio Bolsonaro', 'Magno Malta', 'Comissão parlamentar de inquérito', 'Jair Bolsonaro', 'Prisão', 'Desvio de salário de assessor']"
Vídeo da manifestação pró Bolsonaro na Paulista em 1º de março de 2026,AFP Checamos,https://checamos.afp.com/doc.afp.com.99YJ9NQ,Falso,2026-03-04 08:00:00,https://encrypted-tbn1.gstatic.com/images?q=tbn:ANd9GcQ-1I63sk4c5IthHJ6d_DwR-2Pv8BA7s4MQl16lKhcE3ALbMqwX,"['Jair Bolsonaro', '2026', 'Março', 'Vídeo', 'Manifestação', 'São Paulo']"
g1 publicou no X que Lulinha tem relação com Jair Bolsonaro,Aos Fatos,https://www.aosfatos.org/noticias/falso-g1-associou-lulinha-a-bolsonaro-nas-redes/,falso,2026-02-27 08:00:00,https://encrypted-tbn0.gstatic.com/images?q=tbn:ANd9GcR9IxJTasrlc3QMQMWAV13vsPwlstIOxH8zkuJ8jz2o-W4W2ntH,"['Fábio Luís Lula da Silva', 'Jair Bolsonaro', 'g1']"
"Governo Bolsonaro gasta R$ 27,6 milhões em 4 anos no cartão corporativo. Governo Lula gasta R$ 1,4 bilhão no cartão corporativo.",UOL Notícias,https://noticias.uol.com.br/confere/ultimas-noticias/2026/02/27/post-engana-comparacao-cartao-corporativo-lula-bolsonaro.htm,Distorcido,2026-02-27 08:00:00,https://encrypted-tbn1.gstatic.com/images?q=tbn:ANd9GcTL8-ZNwW1O7pxVoxYUmBeU6YnacMJ6201n5YulPGUX-g9ScsGS,"['Jair Bolsonaro', 'Luiz Inácio Lula da Silva', 'Cartão de visita', 'Governo Lula', 'Governo', 'Um bilhão', '2027']"
Galera escuta o que Leonel brizola falou sobre bolsonaro antes de morre ele ja foi gonvernador,UOL Notícias,https://noticias.uol.com.br/confere/ultimas-noticias/2026/02/27/falso-audio-leonel-brizola-acusa-bolsonaro-milicia.htm,Falso,2026-02-27 08:00:00,https://encrypted-tbn2.gstatic.com/images?q=tbn:ANd9GcQpW2KxDdU9cDb4osV44_gznBv8Sid8XOQS9h9IAd4QyLGIQlgn,"['Leonel Brizola', 'Jair Bolsonaro', 'Galera Bet Torcida Camisa 10 Santos FC', 'Morte']"
Foto de Flávio Bolsonaro e Daniel Vorcaro se abraçando,Estadão,https://www.estadao.com.br/estadao-verifica/foto-flavio-bolsonaro-daniel-vorcaro-inteligencia-artificial/,Falso,2026-03-23 07:00:00,https://encrypted-tbn2.gstatic.com/images?q=tbn:ANd9GcSSerPK1IQKwA0to3oECZsbmTe0cbtOUBu8cgIUczKOdQbrYBuQ,"['Flávio Bolsonaro', 'Daniel Vorcaro', 'Fotografia']"
"Lula usou R$ 12,4 bilhões no cartão corporativo e Bolsonaro R$ 27,6 milhões",AFP Checamos,https://checamos.afp.com/doc.afp.com.992Y7KE,Falso,2026-02-26 08:00:00,https://encrypted-tbn1.gstatic.com/images?q=tbn:ANd9GcQtX5AjB155O9S5vUjQq34TsuRYMewCjj6itYkTggS2O1yCT2O5,"['Luiz Inácio Lula da Silva', 'Cartão de visita', 'Jair Bolsonaro', 'Um bilhão', 'Michelle Bolsonaro', '2027']"
"Governo Lula gastou R$ 1,4 bilhão em cartão corporativo e Bolsonaro, R$ 27 milhões",Estadão,https://www.estadao.com.br/estadao-verifica/gastos-cartao-corporativo-lula-bolsonaro/,Enganoso,2026-02-26 08:00:00,https://encrypted-tbn2.gstatic.com/images?q=tbn:ANd9GcR3RLJ4AN3FnMhZ5ROMPHE7UxjX2_qQS0QXh2kye0pHMQQJZMHj,"['Luiz Inácio Lula da Silva', 'Jair Bolsonaro', 'Cartão de visita', 'Governo Lula', 'Um bilhão', '2027']"
MPF confirma que não houve corrupção e genocídio no governo Bolsonaro,AFP Checamos,https://checamos.afp.com/doc.afp.com.98W94CQ,Enganoso,2026-02-25 08:00:00,https://encrypted-tbn1.gstatic.com/images?q=tbn:ANd9GcQiqeS7HO4P6K8NXSsDEhEzWPm4hSCWBNIzQh-mPKfI1HvD30BV,"['Jair Bolsonaro', 'Ministério Público Federal', 'Ministério Público Federal', 'Corrupção', 'Governo', 'Genocídio']"
MPF confirmou que não houve corrupção no governo Bolsonaro durante a pandemia,Estadão,https://www.estadao.com.br/estadao-verifica/postagem-engana-ao-afirmar-que-mpf-confirmou-inexistencia-de-corrupcao-na-pandemia/,Enganoso,2026-02-25 08:00:00,https://encrypted-tbn2.gstatic.com/images?q=tbn:ANd9GcQ1wkJOCyHxg-kBIrWv5CzNJ7vXZI3eos6fkQM97xBk8FJSxdxw,"['Corrupção', 'Jair Bolsonaro', 'Ministério Público Federal', 'Ministério Público Federal', 'Governo', 'Pandemia']"
"Lula usou R$ 1,4 bilhão no cartão corporativo e Bolsonaro R$ 41,2 milhões",AFP Checamos,https://checamos.afp.com/doc.afp.com.98XY4WG,Enganoso,2026-02-25 08:00:00,https://encrypted-tbn0.gstatic.com/images?q=tbn:ANd9GcQYvI5vBqEBZiyrM4uZuJAbzFj6BdRpa9iBCcnL11hn57kifswn,"['Luiz Inácio Lula da Silva', 'Jair Bolsonaro', 'Cartão de visita', 'Um bilhão']"
"Lula gastou R$ 1,4 bi no cartão corporativo e Bolsonaro apenas R$ 27 milhões",Aos Fatos,https://www.aosfatos.org/noticias/posts-enganam-ao-comparar-gastos-de-cartao-corporativo-de-lula-e-bolsonaro/,falso,2026-02-24 08:00:00,https://encrypted-tbn0.gstatic.com/images?q=tbn:ANd9GcTys7p9xPTH2cWgerm79VjxKeRcVRNR9fS6a5V1QlcPotEMXybQ,"['Luiz Inácio Lula da Silva', 'Jair Bolsonaro', 'Cartão de visita', '2027']"
Bolsonaro explica como usou a mentira para chegar ao poder,AFP Checamos,https://checamos.afp.com/doc.afp.com.98NF8WE,Falso,2026-02-23 08:00:00,https://encrypted-tbn3.gstatic.com/images?q=tbn:ANd9GcTCc2KY1ZFke-Pzs1CvDDpfVbHMV9bSNbiLBgNFOd1dB_80B7Hl,"['Jair Bolsonaro', 'Mentira', 'Poder']"
"Música-tema do filme ‘Dark Horse’, sobre Bolsonaro, está entre as mais ouvidas nos EUA",Aos Fatos,https://www.aosfatos.org/noticias/e-falso-musica-filme-bolsonaro-lancada-seja-sucesso-nos-eua/,falso,2026-02-23 08:00:00,https://encrypted-tbn1.gstatic.com/images?q=tbn:ANd9GcRtHy_jz1zjeJOQb-PvSAbdAiIUwkS35E3LX_tXHW_n63FFXdbH,"['Jair Bolsonaro', 'Dark Horse', 'Música', 'Música-tema', 'Filme', 'Estados Unidos', 'Tema']"
"Em entrevista à revista InfoMoney, Flávio Bolsonaro (PL-RJ) propõe o fim do salário mínimo e diz que pagamento prejudica patrões",Aos Fatos,https://www.aosfatos.org/noticias/flavio-bolsonaro-nao-propos-fim-salario-minimo/,falso,2026-03-17 07:00:00,https://encrypted-tbn2.gstatic.com/images?q=tbn:ANd9GcQpTrp6rAhgAHHTEHI7Rey7kRQX-6ZvQLIzxoP-M8ndcnd3bOt-,"['Flávio Bolsonaro', 'Salário mínimo', 'Salário', 'Partido Liberal', 'Entrevista', 'Pagamento', 'Rio de Janeiro', 'Revista', 'InfoMoney']"
Foto mostra Lula em frente a carro alegórico que faz alusão a Bolsonaro preso,Aos Fatos,https://www.aosfatos.org/noticias/foto-de-lula-com-alegoria-em-alusao-a-prisao-de-bolsonaro-e-gerada-por-ia/,falso,2026-02-19 08:00:00,https://encrypted-tbn3.gstatic.com/images?q=tbn:ANd9GcR09Q7uYaR0fcRbmKFVfwO_8g9WyUBKVi33E85bvYb4MdNkmvFc,"['Luiz Inácio Lula da Silva', 'Jair Bolsonaro', 'Fotografia', 'Alusão', 'Prisão', 'Carro alegórico']"
Leonel Brizola avisou há 22 anos sobre o governo de Jair Bolsonaro,AFP Checamos,https://checamos.afp.com/doc.afp.com.982W4T7,Falso,2026-02-18 08:00:00,https://encrypted-tbn3.gstatic.com/images?q=tbn:ANd9GcRfTyVmx_myvjop_yV7QrqGwhojSXKYTfo2eHasa87R_KyLZXCH,"['Leonel Brizola', 'Jair Bolsonaro', 'Governo', '1922']"
Lula tirou uma selfie com um palhaço que representa o Bolsonaro no Carnaval,AFP Checamos,https://checamos.afp.com/doc.afp.com.983U6G3,Falso,2026-02-18 08:00:00,https://encrypted-tbn0.gstatic.com/images?q=tbn:ANd9GcTBjCVx53z-JiNNl0-s473lKfSPin94tRajpryJur5BmqEzn69Q,"['Luiz Inácio Lula da Silva', 'Palhaço', 'Carnaval', 'Jair Bolsonaro', 'Selfie']"
Foto de Vorcaro com Bolsonaro e Campos Neto,UOL Notícias,https://noticias.uol.com.br/confere/ultimas-noticias/2026/02/13/falso-foto-vorcaro-bolsonaro-campos-neto.htm,Falso,2026-02-13 08:00:00,https://encrypted-tbn2.gstatic.com/images?q=tbn:ANd9GcRx-JZ5YSnrzLDCM_nSnFhxqNy9kdwhIIT4rEWo9b0DUYRwhcdr,"['Daniel Vorcaro', 'Jair Bolsonaro', 'Roberto Campos Neto', 'Fotografia']"
Ministro do STF determinou soltura de Bolsonaro na terça (10),Aos Fatos,https://www.aosfatos.org/noticias/posts-compartilham-video-gerado-por-ia-para-alegar-que-bolsonaro-sera-solto/,falso,2026-02-13 08:00:00,https://encrypted-tbn0.gstatic.com/images?q=tbn:ANd9GcQV2U_WT_zDDwm6ROz7uqBs5vr2csBUT2rDpmSsDIcPQN2yKKWy,"['Jair Bolsonaro', 'Ministro do Supremo Tribunal Federal do Brasil']"
Bolsonaro pegou 44 milhões dos aposentados e do Banco Master Canal UOL descubriu,UOL Notícias,https://noticias.uol.com.br/confere/ultimas-noticias/2026/02/10/falso-bolsonaro-r-44-milhoes-fraude-inss-banco-master.htm,Falso,2026-02-10 08:00:00,https://encrypted-tbn3.gstatic.com/images?q=tbn:ANd9GcS2q0thA5pvfDIo3ck3S_1hhhyu9xkQsMSG9L5RajNQ9IoyjfOw,"['Jair Bolsonaro', 'Banco Master', 'UOL', 'Banco', 'Aposentadoria']"
Bolsonaro pegou 44 milhões dos aposentados e do Banco Master,AFP Checamos,https://checamos.afp.com/doc.afp.com.96VG8ZQ,Enganoso,2026-02-10 08:00:00,https://encrypted-tbn0.gstatic.com/images?q=tbn:ANd9GcSlMmrpn73yzZvJbsfLI1sH3goSb0SqtM9kozsYSKXVfhW518aJ,"['Jair Bolsonaro', 'Banco Master', 'Banco', 'Aposentadoria']"
Bolsonaro deixou obra da ponte sobre o Rio Araguaia parada por quatro anos,Aos Fatos,https://www.aosfatos.org/noticias/direita-esquerda-compartilham-mentiras-ponte-entre-para-e-tocantins/,falso,2026-02-05 08:00:00,https://encrypted-tbn2.gstatic.com/images?q=tbn:ANd9GcQMaPvkqofaOEGs25LB3yS-yEw0CH8id2ZASXKBu5yA27w1viSM,"['Ponte', 'Jair Bolsonaro', 'Rio Araguaia', 'Ano']"
Bolsonaro deixou pronta a ponte sobre o rio Araguaia,Aos Fatos,https://www.aosfatos.org/noticias/direita-esquerda-compartilham-mentiras-ponte-entre-para-e-tocantins/,falso,2026-02-05 08:00:00,https://encrypted-tbn2.gstatic.com/images?q=tbn:ANd9GcQMaPvkqofaOEGs25LB3yS-yEw0CH8id2ZASXKBu5yA27w1viSM,"['Ponte', 'Jair Bolsonaro', 'Rio Araguaia']"
"Foto de Vorcaro, Bolsonaro e Campos Neto juntos",AFP Checamos,https://checamos.afp.com/doc.afp.com.94ZA8T3,Falso,2026-02-03 08:00:00,https://encrypted-tbn1.gstatic.com/images?q=tbn:ANd9GcRiZiG_A7GgYuSYiKgogT21B6EmrRCiWErK42MepGtG6JT75EsB,"['Daniel Vorcaro', 'Jair Bolsonaro', 'Roberto Campos Neto', 'Fotografia']"
Tribunal Militar nega pedido para cassar patente de Bolsonaro.,Observador,https://observador.pt/factchecks/tribunal-militar-rejeita-pedido-para-cassar-patente-de-ex-presidente-jair-bolsonaro/,Enganador,2026-01-28 08:00:00,https://encrypted-tbn0.gstatic.com/images?q=tbn:ANd9GcTU2olSWEd87chlWuBYcKxDl7194EwMRZl5VBsVWBpmVp0klqF7,"['Jair Bolsonaro', 'Superior Tribunal Militar', 'Cassação de direitos políticos', 'Tribunal', 'Patente']"
Lula recebeu notificação direta de Donald Trump para libertar Bolsonaro,UOL Notícias,https://noticias.uol.com.br/confere/ultimas-noticias/2026/01/28/falso-trump-oficio-lula-libertacao-bolsonaro.htm,Falso,2026-01-28 08:00:00,https://encrypted-tbn0.gstatic.com/images?q=tbn:ANd9GcT1T5M4Nrv5URiFYabjHT-GBI7W0rqzo5yqzHUkAc6gZAtdgMrz,"['Jair Bolsonaro', 'Luiz Inácio Lula da Silva', 'Donald Trump']"
Manifestação pró-Bolsonaro na Av. Paulista no dia 25 de janeiro de 2026,AFP Checamos,https://checamos.afp.com/doc.afp.com.94826NQ,Falso,2026-01-27 08:00:00,https://encrypted-tbn0.gstatic.com/images?q=tbn:ANd9GcTpfbhl1GW8az7I-wF5Ef_VIpJb_vRUSBqarILEMlUkcwZ52Tl3,"['Jair Bolsonaro', 'Manifestação', 'Avenida Paulista', '2025', '2026', 'Janeiro', '25 de janeiro', 'Dia']"
